time,T1,T2,T3,T4,thermo1,thermo2,thermo3
100.0,-6.869763,-6.9630685,-7.0131135,-6.970035,-16.933155,-19.638002,-15.942147
200.0,-5.0284886,-4.6107183,-5.057294,-4.6481104,-11.686215,-17.314394,-10.562621
300.0,-3.891428,-3.2429962,-4.057364,-3.2927,-8.05822,-14.2886505,-7.12948
400.0,-3.1041508,-2.3762715,-3.3380764,-2.413336,-5.673983,-11.477809,-4.9351544
500.0,-2.5370412,-1.8013457,-2.7487307,-1.8034748,-4.064074,-9.04247,-3.4566576
600.0,-2.101414,-1.3963757,-2.2421105,-1.3448211,-2.9166057,-6.943905,-2.3834364
700.0,-1.7410921,-1.0898317,-1.7944255,-0.9696862,-2.0411992,-5.110807,-1.5375544
800.0,-1.4222993,-0.839848,-1.3894224,-0.63989896,-1.3249831,-3.478322,-0.8188696
900.0,-1.1252366,-0.62200516,-1.0150062,-0.3341566,-0.70187896,-1.9949826,-0.17157602
1000.0,-0.83846235,-0.42210558,-0.6621291,-0.04064213,-0.13343604,-0.62184876,0.4352691
1100.0,-0.5554399,-0.23191322,-0.32409105,0.24717952,0.40266243,0.6699231,1.018797
1200.0,-0.27248028,-0.046653792,0.0040238127,0.5329218,0.91936475,1.9014707,1.5885067
1300.0,0.012457634,0.13644174,0.32579896,0.8185857,1.4241949,3.0882022,2.1496928
1400.0,0.300469,0.31898156,0.6438361,1.1052855,1.9215406,4.24132,2.705334
1500.0,0.5921056,0.50190187,0.9600169,1.3936471,2.4139762,5.3689675,3.2571366
1600.0,0.8876107,0.68575245,1.2757038,1.6840248,2.9030294,6.4770617,3.8061025
1700.0,1.1870521,0.8708567,1.5918804,1.976626,3.3896189,7.569916,4.352844
1800.0,1.4904007,1.0574095,1.9092582,2.271574,3.8743107,8.6506815,4.897758
1900.0,1.7975736,1.2455279,2.2283494,2.5689437,4.357466,9.721671,5.4411125
2000.0,2.1084626,1.4352854,2.5495245,2.868786,4.839325,10.784588,5.9831147
2100.0,2.4229438,1.6267291,2.8730524,3.1711323,5.3200545,11.840703,6.5239205
2200.0,2.7408905,1.8198897,3.199124,3.4760084,5.7997804,12.8909645,7.063665
2300.0,3.062175,2.0147889,3.52788,3.78343,6.2785964,13.936088,7.6024632
2400.0,3.3866713,2.2114406,3.8594198,4.0934105,6.7565827,14.976631,8.140421
2500.0,3.7142553,2.4098556,4.193813,4.4059606,7.233807,16.013021,8.677634
2600.0,4.044814,2.6100419,4.53111,4.7210855,7.7103286,17.0456,9.2141905
2700.0,4.378231,2.812004,4.871346,5.038793,8.1862,18.074642,9.750172
2800.0,4.714399,3.015748,5.2145452,5.3590865,8.661471,19.10037,10.285659
2900.0,5.0532136,3.2212765,5.560724,5.6819673,9.136186,20.122976,10.820724
3000.0,5.394575,3.42859,5.9098887,6.007438,9.610381,21.142624,11.355435
3100.0,5.7383895,3.6376903,6.262045,6.335495,10.084101,22.159454,11.889852
3200.0,6.0845656,3.8485756,6.617195,6.6661396,10.557376,23.173592,12.424041
3300.0,6.4330125,4.0612473,6.9753394,6.999369,11.030239,24.185156,12.958055
3400.0,6.783651,4.275702,7.336468,7.33518,11.502725,25.194239,13.491955
3500.0,7.136396,4.491939,7.7005806,7.6735673,11.974853,26.200943,14.025783
3600.0,7.491176,4.7099543,8.06767,8.014527,12.446655,27.20536,14.559597
3700.0,7.8479123,4.9297466,8.437727,8.358055,12.918156,28.207558,15.09344
3800.0,8.206536,5.151309,8.810742,8.704139,13.38938,29.207626,15.627355
3900.0,8.566982,5.3746395,9.186708,9.052775,13.860345,30.205627,16.161375
4000.0,8.929184,5.5997334,9.565617,9.403958,14.331074,31.201643,16.695547
4100.0,9.293078,5.826584,9.936007,9.757678,14.801583,32.12689,17.229912
4200.0,9.658604,6.0551887,10.228954,10.113927,15.271889,32.735275,17.764492
4300.0,10.025704,6.285539,10.450398,10.472694,15.742012,33.09434,18.29933
4400.0,10.394326,6.5176315,10.629567,10.833969,16.211966,33.30052,18.834444
4500.0,10.764415,6.751454,10.7832,11.197746,16.68176,33.411022,19.369883
4600.0,11.135917,6.987005,10.920551,11.5640135,17.151419,33.45986,19.905663
4700.0,11.508782,7.2242723,11.047054,11.932758,17.62094,33.468067,20.441809
4800.0,11.882968,7.463248,11.1661,12.303973,18.090342,33.449223,20.978355
4900.0,12.258422,7.703924,11.279899,12.677646,18.559631,33.412327,21.51532
5000.0,12.635104,7.9462934,11.3899355,13.023686,19.028826,33.36352,22.000319
5100.0,13.012974,8.190347,11.497233,13.253457,19.497923,33.30702,22.261719
5200.0,13.391983,8.436073,11.602502,13.416823,19.966944,33.245796,22.376318
5300.0,13.772102,8.683464,11.706242,13.551159,20.435884,33.181896,22.423334
5400.0,14.153282,8.932513,11.808788,13.672093,20.904758,33.11675,22.439653
5500.0,14.535488,9.1832075,11.910398,13.786525,21.373564,33.051373,22.442171
5600.0,14.9186945,9.43554,12.011238,13.897672,21.842318,32.98643,22.438944
5700.0,15.3028555,9.6895,12.111427,14.007099,22.311018,32.92242,22.433914
5800.0,15.687943,9.945082,12.211051,14.115581,22.779673,32.859634,22.429047
5900.0,16.073923,10.202271,12.310164,14.2235,23.248285,32.798275,22.425299
6000.0,16.460768,10.461062,12.408806,14.331052,23.716867,32.73847,22.423128
6100.0,16.848444,10.72144,12.506999,14.438312,24.18542,32.68029,22.422722
6200.0,17.207396,10.9774885,12.604759,14.545308,24.616241,32.62376,22.424131
6300.0,17.471136,11.182096,12.702095,14.652049,24.872011,32.568867,22.427332
6400.0,17.681633,11.335029,12.799014,14.758521,25.000275,32.515614,22.432266
6500.0,17.86386,11.46014,12.895516,14.8647,25.062243,32.46397,22.43886
6600.0,18.028849,11.571078,12.991603,14.970582,25.090254,32.413887,22.447046
6700.0,18.182112,11.674581,13.087272,15.076127,25.10071,32.365337,22.456728
6800.0,18.326603,11.774033,13.182519,15.181329,25.102163,32.318268,22.467829
6900.0,18.463984,11.871185,13.27734,15.28616,25.099121,32.272625,22.48028
7000.0,18.595268,11.966975,13.371734,15.390607,25.094019,32.22838,22.493994
7100.0,18.721098,12.061904,13.465695,15.494652,25.088175,32.185463,22.508919
7200.0,18.841928,12.156236,13.559227,15.598287,25.08229,32.14384,22.524979
7300.0,18.958082,12.250112,13.652313,15.701474,25.07673,32.10347,22.542109
7400.0,19.069824,12.343605,13.744962,15.804231,25.071693,32.0643,22.560257
7500.0,19.177382,12.436752,13.837165,15.90652,25.067244,32.026295,22.579361
7600.0,19.280937,12.529559,13.928924,16.008352,25.063398,31.989418,22.599373
7700.0,19.380669,12.622024,14.020237,16.109705,25.060152,31.953615,22.620255
7800.0,19.476732,12.714139,14.111092,16.210564,25.057474,31.918861,22.641945
7900.0,19.569279,12.805901,14.201507,16.31094,25.055334,31.885118,22.664392
8000.0,19.65845,12.89729,14.29145,16.410805,25.05368,31.852346,22.687576
8100.0,19.744371,12.988304,14.380961,16.510168,25.052496,31.82051,22.71144
8200.0,19.82718,13.078918,14.469995,16.609013,25.051733,31.789589,22.735952
8300.0,19.906979,13.169143,14.558595,16.707335,25.051348,31.759542,22.761063
8400.0,19.983908,13.258948,14.646712,16.805136,25.05131,31.730341,22.786764
8500.0,20.058065,13.348344,14.734391,16.902405,25.051605,31.701956,22.813004
8600.0,20.129541,13.4373045,14.821607,16.99914,25.052195,31.674368,22.839752
8700.0,20.198444,13.525836,14.908351,17.09535,25.053041,31.647535,22.86699
8800.0,20.26487,13.613922,14.994659,17.191002,25.054129,31.621445,22.894674
8900.0,20.328905,13.701566,15.080498,17.286123,25.055433,31.596071,22.92279
9000.0,20.390648,13.788757,15.165879,17.380705,25.05693,31.571386,22.951315
9100.0,20.450174,13.875492,15.250813,17.47473,25.058603,31.547373,22.980215
9200.0,20.507555,13.961766,15.335285,17.56822,25.06044,31.52401,23.009474
9300.0,20.56286,14.047576,15.419295,17.66115,25.062407,31.501274,23.039068
9400.0,20.616188,14.132916,15.502864,17.753532,25.064499,31.47914,23.068968
9500.0,20.667595,14.217788,15.585965,17.845366,25.066698,31.457586,23.099165
9600.0,20.717155,14.302188,15.668626,17.936653,25.068995,31.43661,23.129646
9700.0,20.764908,14.386113,15.750828,18.02739,25.071375,31.416176,23.160376
9800.0,20.810938,14.469559,15.832584,18.117567,25.073822,31.396278,23.191345
9900.0,20.85528,14.5525255,15.913883,18.207205,25.076332,31.376894,23.222534
10000.0,20.898,14.635014,15.994744,18.29629,25.078878,31.35801,23.25393
10100.0,20.939156,14.717019,16.075151,18.38482,25.08146,31.339605,23.28552
10200.0,20.978807,14.798539,16.155123,18.472809,25.08407,31.321684,23.317286
10300.0,21.01699,14.879581,16.234648,18.560251,25.08671,31.304209,23.349218
10400.0,21.053747,14.960144,16.313726,18.647135,25.089355,31.28718,23.381296
10500.0,21.089128,15.040218,16.392366,18.733479,25.092005,31.270569,23.413515
10600.0,21.12317,15.119812,16.470564,18.81927,25.09465,31.254377,23.445854
10700.0,21.155931,15.198921,16.548325,18.904528,25.09729,31.238588,23.478308
10800.0,21.187456,15.277553,16.625654,18.98925,25.09992,31.223185,23.510862
10900.0,21.217762,15.355699,16.702549,19.073412,25.102537,31.20817,23.54351
11000.0,21.246893,15.433369,16.779018,19.157038,25.10512,31.193514,23.576235
11100.0,21.274885,15.510551,16.85505,19.240133,25.107681,31.179228,23.609037
11200.0,21.301765,15.587262,16.930655,19.322693,25.110205,31.165283,23.6419
11300.0,21.327585,15.663491,17.005836,19.404728,25.112694,31.151672,23.674818
11400.0,21.352362,15.739243,17.080595,19.486216,25.115152,31.138391,23.707785
11500.0,21.376135,15.814522,17.154926,19.567171,25.117569,31.125437,23.740782
11600.0,21.398932,15.889327,17.22884,19.64761,25.119928,31.112776,23.77381
11700.0,21.42077,15.963665,17.30234,19.727518,25.122253,31.100428,23.806864
11800.0,21.441687,16.037521,17.375418,19.806892,25.124527,31.088358,23.839935
11900.0,21.461714,16.110907,17.448084,19.885733,25.126757,31.076586,23.87301
12000.0,21.480865,16.18384,17.52035,19.964071,25.128927,31.065084,23.906082
12100.0,21.499168,16.256294,17.592188,20.041912,25.131042,31.053846,23.939163
12200.0,21.516653,16.328287,17.663626,20.119223,25.133102,31.042875,23.97223
12300.0,21.533323,16.399834,17.734667,20.19601,25.135103,31.032166,24.00528
12400.0,21.549212,16.470888,17.805288,20.272285,25.13704,31.021692,24.038307
12500.0,21.564354,16.541508,17.875525,20.348063,25.13891,31.011452,24.071312
12600.0,21.57875,16.61167,17.945356,20.423353,25.140722,31.001463,24.104288
12700.0,21.592443,16.681358,18.014784,20.498161,25.14247,30.991701,24.13724
12800.0,21.605446,16.750608,18.083818,20.572447,25.14416,30.982162,24.17015
12900.0,21.617767,16.819414,18.152472,20.646208,25.14579,30.972832,24.203003
13000.0,21.62943,16.887758,18.220728,20.719494,25.14736,30.963717,24.23581
13100.0,21.640448,16.95566,18.288593,20.792303,25.148863,30.95481,24.26858
13200.0,21.65084,17.023138,18.356081,20.86463,25.1503,30.946106,24.301285
13300.0,21.660627,17.090155,18.423178,20.936472,25.15168,30.9376,24.333937
13400.0,21.669815,17.156729,18.489882,21.007814,25.152992,30.929289,24.366522
13500.0,21.678427,17.222878,18.556223,21.078676,25.154226,30.92115,24.39904
13600.0,21.686483,17.28859,18.622192,21.149054,25.155405,30.9132,24.431494
13700.0,21.693995,17.353868,18.687778,21.218975,25.156523,30.905432,24.46387
13800.0,21.700974,17.418718,18.752998,21.288435,25.157578,30.897842,24.496176
13900.0,21.707445,17.48314,18.817842,21.357409,25.15857,30.89042,24.528399
14000.0,21.713411,17.547136,18.88231,21.42592,25.159498,30.883163,24.560547
14100.0,21.718882,17.610708,18.946424,21.493973,25.160364,30.876066,24.59262
14200.0,21.723871,17.673853,19.010164,21.561563,25.161165,30.869125,24.624609
14300.0,21.728392,17.73659,19.073545,21.628725,25.16191,30.862337,24.65651
14400.0,21.732454,17.798918,19.136583,21.695436,25.162582,30.855713,24.688324
14500.0,21.736074,17.860819,19.199236,21.761679,25.1632,30.849222,24.720041
14600.0,21.739265,17.922302,19.261541,21.827454,25.163744,30.842882,24.75167
14700.0,21.74202,17.983395,19.323511,21.892775,25.164236,30.836693,24.783203
14800.0,21.74437,18.044086,19.385126,21.957644,25.16466,30.83063,24.814636
14900.0,21.74631,18.104353,19.44638,22.022087,25.165037,30.824713,24.845964
15000.0,21.747866,18.164215,19.507286,22.086134,25.165346,30.818926,24.877203
15100.0,21.74906,18.223701,19.567863,22.149734,25.165598,30.813278,24.908342
15200.0,21.749876,18.28278,19.628088,22.21289,25.1658,30.807755,24.939384
15300.0,21.750315,18.341452,19.687967,22.27561,25.16594,30.802355,24.970327
15400.0,21.75043,18.39974,19.747515,22.337875,25.166021,30.79708,25.001167
15500.0,21.750177,18.45765,19.806738,22.39974,25.166046,30.791918,25.031893
15600.0,21.74959,18.515165,19.86561,22.46118,25.166023,30.786882,25.062513
15700.0,21.74868,18.57229,19.924177,22.522232,25.165949,30.781973,25.093027
15800.0,21.747458,18.629034,19.982405,22.582857,25.165817,30.777166,25.123444
15900.0,21.745916,18.685408,20.040297,22.643059,25.165634,30.772476,25.153746
16000.0,21.744072,18.741392,20.097853,22.702835,25.165392,30.767908,25.183937
16100.0,21.74193,18.797003,20.15509,22.762184,25.16511,30.763435,25.214012
16200.0,21.739502,18.852243,20.212015,22.821142,25.164778,30.759071,25.243973
16300.0,21.73678,18.90711,20.268614,22.879705,25.164377,30.754816,25.273819
16400.0,21.73381,18.961605,20.324898,22.937904,25.16393,30.750662,25.303558
16500.0,21.730581,19.015736,20.380884,22.995699,25.163446,30.74661,25.33319
16600.0,21.727064,19.069517,20.436552,23.053085,25.162918,30.742666,25.36271
16700.0,21.723295,19.12293,20.491888,23.110067,25.16234,30.738821,25.392126
16800.0,21.71929,19.175991,20.546911,23.166649,25.161707,30.735056,25.42142
16900.0,21.715036,19.228662,20.60166,23.222857,25.161034,30.7314,25.450594
17000.0,21.710546,19.280996,20.656107,23.278671,25.160309,30.727842,25.479652
17100.0,21.70581,19.332981,20.71023,23.334139,25.159546,30.724373,25.508593
17200.0,21.700861,19.384623,20.764061,23.389246,25.158731,30.720993,25.53742
17300.0,21.695723,19.435919,20.817606,23.443964,25.157883,30.717705,25.566141
17400.0,21.690369,19.486856,20.870844,23.498297,25.156996,30.714508,25.594744
17500.0,21.684807,19.537434,20.923756,23.552233,25.156065,30.711395,25.62323
17600.0,21.679024,19.587679,20.976381,23.605797,25.155096,30.708374,25.65159
17700.0,21.67306,19.637608,21.028742,23.659006,25.15409,30.705435,25.679832
17800.0,21.666906,19.68719,21.080816,23.711832,25.153051,30.702574,25.70796
17900.0,21.660566,19.736422,21.132597,23.764345,25.151962,30.699799,25.735971
18000.0,21.654037,19.785334,21.184086,23.816513,25.150833,30.697107,25.763884
18100.0,21.647348,19.833933,21.235298,23.868341,25.149668,30.694494,25.791674
18200.0,21.64049,19.882204,21.28623,23.919802,25.148474,30.691961,25.81936
18300.0,21.633446,19.930124,21.336874,23.970894,25.14724,30.689514,25.846924
18400.0,21.626244,19.977703,21.387238,24.021608,25.14596,30.687126,25.87436
18500.0,21.61888,20.024954,21.437304,24.071997,25.144644,30.684832,25.901674
18600.0,21.611359,20.071917,21.487137,24.122023,25.143293,30.682604,25.928873
18700.0,21.603683,20.118565,21.536697,24.17172,25.141914,30.680466,25.955956
18800.0,21.595856,20.164879,21.585981,24.221125,25.140495,30.6784,25.982931
18900.0,21.587885,20.210886,21.63498,24.270187,25.139038,30.676397,26.009789
19000.0,21.579742,20.256586,21.683723,24.31893,25.137535,30.674479,26.03654
19100.0,21.571472,20.30197,21.732195,24.36731,25.136007,30.67262,26.063171
19200.0,21.563057,20.347055,21.780418,24.415352,25.13444,30.670832,26.089682
19300.0,21.55454,20.391813,21.828362,24.46306,25.132843,30.669119,26.116081
19400.0,21.545912,20.436264,21.876038,24.510462,25.13122,30.66747,26.142366
19500.0,21.53715,20.480406,21.923462,24.557539,25.129568,30.6659,26.168535
19600.0,21.528269,20.524265,21.970644,24.604284,25.127884,30.664389,26.19459
19700.0,21.519255,20.567822,22.017561,24.650759,25.126165,30.662949,26.22053
19800.0,21.51013,20.611084,22.064226,24.696943,25.124414,30.661581,26.24637
19900.0,21.500898,20.654055,22.110641,24.742805,25.122637,30.660276,26.272108
20000.0,21.491547,20.696754,22.156822,24.788355,25.120832,30.659029,26.297735
20100.0,21.48211,20.739145,22.202738,24.83358,25.11901,30.657852,26.323248
20200.0,21.472563,20.78125,22.248428,24.878477,25.117157,30.65674,26.348639
20300.0,21.462915,20.823044,22.293852,24.923058,25.11527,30.655693,26.373901
20400.0,21.45317,20.86455,22.339037,24.967356,25.113358,30.65471,26.399055
20500.0,21.44335,20.905775,22.383974,25.011358,25.111414,30.653791,26.4241
20600.0,21.433428,20.946716,22.42868,25.05506,25.109451,30.652931,26.449036
20700.0,21.423426,20.987383,22.47313,25.098503,25.107458,30.652124,26.473862
20800.0,21.413338,21.027784,22.51735,25.141668,25.105438,30.651373,26.498579
20900.0,21.403181,21.067919,22.56135,25.18454,25.103401,30.650686,26.523195
21000.0,21.392944,21.107788,22.605139,25.227125,25.101334,30.650053,26.547699
21100.0,21.38262,21.147373,22.648682,25.269402,25.099243,30.64949,26.572098
21200.0,21.372232,21.186684,22.691984,25.31138,25.09713,30.648977,26.596369
21300.0,21.361755,21.225714,22.735056,25.353058,25.094994,30.648523,26.620537
21400.0,21.351217,21.264471,22.777895,25.394464,25.09284,30.648127,26.644587
21500.0,21.340614,21.30295,22.820509,25.435606,25.090662,30.647787,26.668526
21600.0,21.32995,21.341143,22.862886,25.476456,25.088455,30.647507,26.69238
21700.0,21.319223,21.379074,22.905054,25.517069,25.086226,30.647285,26.716127
21800.0,21.30843,21.416754,22.946981,25.557451,25.083971,30.647116,26.739777
21900.0,21.297588,21.454199,22.9887,25.597559,25.08169,30.646997,26.763315
22000.0,21.286663,21.49141,23.030228,25.637398,25.079397,30.646927,26.78676
22100.0,21.275702,21.528387,23.07155,25.676971,25.077087,30.646912,26.810099
22200.0,21.264704,21.5651,23.11265,25.716269,25.074762,30.646965,26.833334
22300.0,21.25363,21.60154,23.153517,25.755285,25.072418,30.64707,26.856453
22400.0,21.24251,21.637724,23.19417,25.794027,25.070047,30.647223,26.879461
22500.0,21.231325,21.673637,23.234612,25.832499,25.067656,30.647417,26.90236
22600.0,21.220098,21.709288,23.274834,25.87073,25.065237,30.647675,26.925156
22700.0,21.208826,21.744682,23.31484,25.908716,25.06279,30.647982,26.947859
22800.0,21.197517,21.779829,23.354645,25.946447,25.060324,30.64834,26.970459
22900.0,21.186167,21.814722,23.394232,25.98398,25.05784,30.648752,26.992958
23000.0,21.174768,21.849375,23.433607,26.021286,25.055336,30.649206,27.015368
23100.0,21.163328,21.883835,23.472809,26.058327,25.05281,30.64972,27.037674
23200.0,21.151867,21.918093,23.511839,26.095108,25.050276,30.650274,27.059877
23300.0,21.140358,21.952116,23.550667,26.131655,25.047728,30.650879,27.08198
23400.0,21.12882,21.9859,23.589294,26.167953,25.045166,30.651527,27.103989
23500.0,21.117254,22.019424,23.627708,26.204002,25.042582,30.652227,27.125895
23600.0,21.10565,22.052711,23.665932,26.2398,25.039978,30.652975,27.147696
23700.0,21.094017,22.085745,23.703947,26.27534,25.03736,30.653778,27.169401
23800.0,21.082348,22.118538,23.741762,26.310669,25.034706,30.654612,27.191002
23900.0,21.070635,22.151077,23.779371,26.345757,25.032042,30.6555,27.212511
24000.0,21.05891,22.183401,23.816801,26.380615,25.029348,30.656431,27.233934
24100.0,21.04717,22.215492,23.854025,26.415289,25.026636,30.65742,27.255264
24200.0,21.035393,22.247343,23.891047,26.449768,25.02392,30.658453,27.27651
24300.0,21.023607,22.278976,23.927874,26.484041,25.02118,30.659523,27.297659
24400.0,21.011805,22.310434,23.964554,26.518087,25.01843,30.660643,27.318712
24500.0,20.999977,22.34173,24.001104,26.551886,25.015676,30.661802,27.339666
24600.0,20.988127,22.372803,24.037447,26.585457,25.012907,30.663012,27.36052
24700.0,20.976263,22.403646,24.073608,26.618807,25.010122,30.664255,27.381287
24800.0,20.964392,22.434252,24.109568,26.651918,25.007326,30.665545,27.401947
24900.0,20.952501,22.464645,24.145355,26.684805,25.004509,30.666891,27.422516
25000.0,20.940592,22.494806,24.180971,26.717453,25.001677,30.668266,27.442976
25100.0,20.92868,22.524744,24.216393,26.7499,24.998825,30.66968,27.463343
25200.0,20.91675,22.554451,24.251627,26.782152,24.995962,30.671137,27.483627
25300.0,20.904783,22.583954,24.286695,26.814192,24.993078,30.67264,27.503828
25400.0,20.89283,22.613237,24.321571,26.846022,24.990173,30.674187,27.523947
25500.0,20.880827,22.642302,24.356249,26.877691,24.987246,30.675774,27.543976
25600.0,20.868834,22.67113,24.390755,26.909187,24.984297,30.677393,27.56392
25700.0,20.856825,22.699762,24.425097,26.94049,24.981323,30.679056,27.58377
25800.0,20.844809,22.72822,24.4593,26.971573,24.978338,30.680769,27.603539
25900.0,20.832783,22.756546,24.49337,27.002449,24.975348,30.682505,27.623217
26000.0,20.820747,22.784689,24.52727,27.03312,24.972345,30.68429,27.642815
26100.0,20.808716,22.81263,24.561003,27.063576,24.96933,30.686127,27.66231
26200.0,20.796686,22.84035,24.594559,27.09382,24.966309,30.687998,27.681717
26300.0,20.784647,22.867874,24.627953,27.123857,24.963274,30.689896,27.701035
26400.0,20.77262,22.895193,24.661188,27.15368,24.960222,30.69184,27.720251
26500.0,20.760561,22.922287,24.694246,27.183332,24.957148,30.693817,27.739378
26600.0,20.748514,22.94918,24.727125,27.212784,24.954058,30.695822,27.758432
26700.0,20.736465,22.975883,24.75985,27.242048,24.950953,30.697868,27.77741
26800.0,20.724413,23.00239,24.792414,27.271143,24.94784,30.699951,27.796303
26900.0,20.71237,23.028679,24.824793,27.300072,24.944704,30.702066,27.815125
27000.0,20.700325,23.054766,24.85701,27.328836,24.941559,30.704231,27.833857
27100.0,20.688292,23.08065,24.889069,27.357447,24.938406,30.706427,27.852503
27200.0,20.676243,23.106354,24.920984,27.385874,24.935226,30.708654,27.871078
27300.0,20.664202,23.131876,24.952753,27.414106,24.932028,30.710917,27.88957
27400.0,20.65217,23.157228,24.984373,27.44216,24.92882,30.71322,27.90798
27500.0,20.64014,23.182478,25.015882,27.470015,24.925604,30.715555,27.926308
27600.0,20.628113,23.207563,25.047235,27.497683,24.922388,30.717926,27.944544
27700.0,20.616083,23.23247,25.078451,27.525164,24.919151,30.720327,27.962698
27800.0,20.60404,23.25718,25.109507,27.55246,24.9159,30.72277,27.980759
27900.0,20.592012,23.281708,25.140427,27.579567,24.912626,30.725237,27.998747
28000.0,20.579996,23.306044,25.17119,27.606512,24.909342,30.72774,28.016642
28100.0,20.567974,23.330187,25.201784,27.633299,24.906046,30.730278,28.03447
28200.0,20.555975,23.354147,25.232239,27.659906,24.90273,30.732855,28.05221
28300.0,20.54398,23.377935,25.262552,27.68635,24.899412,30.73546,28.069893
28400.0,20.531982,23.401535,25.29271,27.712626,24.896074,30.73809,28.087496
28500.0,20.520006,23.424936,25.322695,27.738747,24.892714,30.740751,28.105019
28600.0,20.508022,23.448153,25.352537,27.764711,24.889338,30.743452,28.122467
28700.0,20.496069,23.471191,25.38223,27.790533,24.88595,30.74617,28.139845
28800.0,20.484112,23.494051,25.411806,27.816238,24.882547,30.748922,28.157145
28900.0,20.472158,23.516745,25.441244,27.841772,24.87913,30.751703,28.174372
29000.0,20.460218,23.539259,25.470533,27.867147,24.875696,30.754522,28.19152
29100.0,20.448286,23.5616,25.499672,27.89235,24.87224,30.75737,28.20859
29200.0,20.436361,23.58378,25.528677,27.917376,24.868776,30.760244,28.225576
29300.0,20.424446,23.605894,25.557602,27.94223,24.865301,30.763151,28.24248
29400.0,20.412561,23.62786,25.586403,27.96692,24.861803,30.766085,28.259308
29500.0,20.400663,23.649664,25.615074,27.991457,24.858313,30.76905,28.276049
29600.0,20.388788,23.67131,25.643614,28.015837,24.854807,30.772034,28.292723
29700.0,20.376919,23.69278,25.672007,28.04007,24.851294,30.775057,28.309324
29800.0,20.365076,23.714075,25.70027,28.064156,24.847761,30.778101,28.325844
29900.0,20.353235,23.735222,25.728409,28.088076,24.844213,30.781181,28.342306
30000.0,20.34139,23.756205,25.756403,28.111841,24.840654,30.784286,28.358686
30100.0,20.329548,23.777008,25.784248,28.135454,24.837067,30.787416,28.374994
30200.0,20.317713,23.79764,25.81195,28.158943,24.833464,30.790567,28.391228
30300.0,20.305902,23.818085,25.839516,28.18228,24.82984,30.793747,28.407396
30400.0,20.294086,23.838387,25.866974,28.20547,24.826197,30.796953,28.423494
30500.0,20.282307,23.858522,25.894302,28.228518,24.822535,30.800186,28.43953
30600.0,20.270525,23.878496,25.921516,28.251457,24.818869,30.803442,28.455498
30700.0,20.258768,23.89831,25.948584,28.27426,24.815186,30.806734,28.471397
30800.0,20.247011,23.917961,25.975534,28.296936,24.811485,30.810045,28.487226
30900.0,20.23528,23.93746,26.002352,28.319466,24.807775,30.813375,28.502974
31000.0,20.223564,23.956797,26.029043,28.341848,24.804049,30.816732,28.518654
31100.0,20.211859,23.97599,26.055624,28.364077,24.800303,30.820116,28.534258
31200.0,20.200167,23.99502,26.082062,28.386164,24.796547,30.823526,28.54978
31300.0,20.188498,24.013926,26.108393,28.408104,24.79278,30.826963,28.565247
31400.0,20.176851,24.032785,26.134665,28.429916,24.789001,30.830421,28.580637
31500.0,20.165203,24.051514,26.16083,28.451622,24.785227,30.8339,28.595968
31600.0,20.15359,24.070105,26.186874,28.473196,24.781435,30.83741,28.611242
31700.0,20.141973,24.088549,26.212812,28.49463,24.777632,30.840948,28.62645
31800.0,20.130383,24.106855,26.238625,28.515923,24.773819,30.844496,28.641579
31900.0,20.118797,24.124987,26.264305,28.537073,24.769981,30.84807,28.656641
32000.0,20.107239,24.142975,26.289854,28.558104,24.766142,30.851667,28.671637
32100.0,20.095701,24.160812,26.315279,28.579,24.762283,30.855286,28.686577
32200.0,20.08417,24.178497,26.340593,28.59979,24.758408,30.858925,28.701448
32300.0,20.072659,24.196045,26.365791,28.620445,24.754524,30.862587,28.71626
32400.0,20.061161,24.213446,26.390892,28.640966,24.75062,30.866274,28.731005
32500.0,20.049677,24.230707,26.415888,28.66137,24.746706,30.869982,28.74569
32600.0,20.038195,24.247828,26.440752,28.681631,24.742775,30.873709,28.7603
32700.0,20.026735,24.264793,26.46551,28.701784,24.738821,30.877459,28.774847
32800.0,20.01529,24.281609,26.49014,28.721811,24.734848,30.881218,28.789324
32900.0,20.003859,24.298288,26.514679,28.741714,24.730858,30.885012,28.803728
33000.0,19.992443,24.314825,26.539108,28.761496,24.726858,30.888819,28.818071
33100.0,19.98106,24.331213,26.563416,28.781174,24.72284,30.892649,28.832354
33200.0,19.969683,24.347473,26.587603,28.80073,24.718805,30.896494,28.846582
33300.0,19.95832,24.363586,26.611671,28.820177,24.71476,30.900368,28.86075
33400.0,19.946983,24.37956,26.63565,28.839525,24.710688,30.90426,28.874857
33500.0,19.935663,24.395426,26.659525,28.858763,24.70662,30.908167,28.888903
33600.0,19.92436,24.411154,26.683289,28.877876,24.702532,30.912092,28.902893
33700.0,19.913067,24.426767,26.706968,28.896872,24.698435,30.916018,28.916817
33800.0,19.9018,24.442307,26.730568,28.915741,24.694328,30.919981,28.93068
33900.0,19.890547,24.457773,26.754095,28.934486,24.690207,30.92396,28.944479
34000.0,19.879309,24.473122,26.777517,28.953112,24.68608,30.927963,28.9582
34100.0,19.868097,24.48835,26.800817,28.97162,24.681948,30.931984,28.971878
34200.0,19.856903,24.503443,26.82403,28.99,24.677801,30.93602,28.985487
34300.0,19.84572,24.518404,26.847128,29.008265,24.673635,30.940062,28.999025
34400.0,19.834562,24.533236,26.87011,29.026434,24.669462,30.944124,29.012503
34500.0,19.823431,24.547943,26.893011,29.0445,24.665274,30.94821,29.025932
34600.0,19.812313,24.562536,26.915833,29.062445,24.661074,30.952307,29.039305
34700.0,19.801205,24.576996,26.938555,29.080284,24.656868,30.956423,29.052607
34800.0,19.790112,24.591322,26.96116,29.098015,24.65264,30.960558,29.065857
34900.0,19.779047,24.605515,26.983665,29.115631,24.648401,30.9647,29.079048
35000.0,19.767996,24.619593,27.006083,29.133133,24.644144,30.968866,29.092178
35100.0,19.75695,24.633545,27.028406,29.150515,24.639875,30.973059,29.105255
35200.0,19.745932,24.64736,27.050623,29.167822,24.635584,30.977264,29.118273
35300.0,19.734922,24.661055,27.072731,29.18505,24.631277,30.981491,29.131248
35400.0,19.723928,24.67462,27.094728,29.202156,24.626955,30.985716,29.144157
35500.0,19.712963,24.688057,27.116632,29.219156,24.622622,30.989962,29.157011
35600.0,19.702005,24.701376,27.138449,29.236046,24.61827,30.994219,29.169802
35700.0,19.691065,24.714563,27.16017,29.252851,24.613897,30.99849,29.182549
35800.0,19.680147,24.727644,27.1818,29.269564,24.609512,31.002783,29.195238
35900.0,19.669252,24.74063,27.203363,29.286184,24.605112,31.007078,29.207876
36000.0,19.658373,24.753485,27.22483,29.302717,24.600708,31.011393,29.220457
36100.0,19.64752,24.76622,27.246195,29.31915,24.596285,31.015717,29.232986
36200.0,19.636667,24.778849,27.267456,29.335482,24.59185,31.020063,29.24546
36300.0,19.625854,24.791357,27.28863,29.35169,24.5874,31.024412,29.257874
36400.0,19.615042,24.803759,27.309715,29.367805,24.58294,31.02877,29.270239
36500.0,19.604261,24.816042,27.330694,29.38381,24.57846,31.033155,29.282537
36600.0,19.593493,24.828234,27.351585,29.399727,24.573975,31.037542,29.294785
36700.0,19.582733,24.840315,27.372396,29.41554,24.569466,31.041939,29.306969
36800.0,19.571999,24.852312,27.393122,29.43128,24.564949,31.046356,29.319098
36900.0,19.561281,24.86425,27.413816,29.446943,24.560423,31.05078,29.33119
37000.0,19.550571,24.8761,27.434448,29.462524,24.555885,31.05523,29.343224
37100.0,19.539875,24.887857,27.454992,29.478003,24.55133,31.059677,29.355204
37200.0,19.5292,24.899498,27.475447,29.493383,24.54677,31.06414,29.367128
37300.0,19.518538,24.91105,27.495832,29.508675,24.54219,31.06862,29.379007
37400.0,19.507898,24.922485,27.51613,29.523874,24.537605,31.07311,29.390831
37500.0,19.497286,24.933802,27.536331,29.538984,24.533005,31.077621,29.402605
37600.0,19.48667,24.945013,27.556442,29.553991,24.528389,31.082129,29.414324
37700.0,19.476072,24.956121,27.576471,29.568901,24.52376,31.086647,29.425987
37800.0,19.465487,24.967123,27.596413,29.58372,24.519117,31.091179,29.437613
37900.0,19.454908,24.978006,27.616257,29.598442,24.514448,31.095716,29.449165
38000.0,19.444357,24.988785,27.63601,29.613068,24.509771,31.100266,29.460676
38100.0,19.433813,24.999456,27.655691,29.62764,24.50508,31.104836,29.472137
38200.0,19.423292,25.010025,27.67528,29.642134,24.500366,31.109404,29.483551
38300.0,19.412786,25.020502,27.694818,29.656555,24.495653,31.113989,29.494911
38400.0,19.402302,25.030878,27.714277,29.670885,24.490921,31.118574,29.506233
38500.0,19.391823,25.041151,27.733652,29.685114,24.486176,31.123175,29.517502
38600.0,19.381374,25.051323,27.75294,29.699265,24.481413,31.127777,29.528704
38700.0,19.370928,25.061392,27.77217,29.713326,24.476639,31.1324,29.539865
38800.0,19.360512,25.071356,27.791311,29.72731,24.471842,31.137024,29.55098
38900.0,19.350122,25.081213,27.810364,29.741205,24.467041,31.141653,29.562057
39000.0,19.339731,25.090963,27.829325,29.755026,24.462225,31.146296,29.573082
39100.0,19.329355,25.100624,27.848219,29.768774,24.457382,31.150946,29.584068
39200.0,19.319012,25.110176,27.867025,29.78244,24.452536,31.155602,29.595016
39300.0,19.308678,25.119627,27.885742,29.796015,24.44768,31.160273,29.605906
39400.0,19.29836,25.128975,27.904367,29.809546,24.4428,31.164955,29.616743
39500.0,19.288054,25.138222,27.922934,29.822989,24.43791,31.16964,29.627533
39600.0,19.277775,25.147371,27.94143,29.836344,24.432997,31.174322,29.63827
39700.0,19.267508,25.15645,27.959856,29.849623,24.428078,31.179022,29.648966
39800.0,19.257257,25.165436,27.978228,29.862831,24.423143,31.183714,29.659609
39900.0,19.247011,25.174324,27.99653,29.87596,24.418192,31.188416,29.670206
40000.0,19.236788,25.183105,28.014746,29.88901,24.413221,31.19313,29.68075
40100.0,19.226576,25.191813,28.032896,29.901993,24.408241,31.19784,29.691246
40200.0,19.216383,25.200438,28.05098,29.91488,24.403246,31.202574,29.70169
40300.0,19.206217,25.208963,28.068987,29.927696,24.398241,31.207308,29.712088
40400.0,19.196056,25.217394,28.08692,29.940428,24.39322,31.212051,29.722448
40500.0,19.185911,25.22576,28.104774,29.953085,24.38819,31.216795,29.73276
40600.0,19.17578,25.234026,28.12255,29.965673,24.383148,31.221542,29.743036
40700.0,19.16567,25.242203,28.140251,29.97818,24.378084,31.226301,29.753271
40800.0,19.15558,25.25031,28.157892,29.990608,24.373009,31.231064,29.76345
40900.0,19.14549,25.258324,28.175467,30.002966,24.367922,31.235834,29.773588
41000.0,19.13542,25.266273,28.192976,30.015253,24.362814,31.240602,29.783678
41100.0,19.125357,25.274168,28.210447,30.027472,24.357698,31.245382,29.793732
41200.0,19.115314,25.281977,28.22785,30.039652,24.35257,31.250166,29.803741
41300.0,19.105284,25.289694,28.245193,30.05176,24.347427,31.254951,29.813707
41400.0,19.095272,25.297346,28.262472,30.063795,24.342278,31.259752,29.823633
41500.0,19.085274,25.304901,28.279678,30.075758,24.337105,31.264563,29.83351
41600.0,19.075283,25.312372,28.296824,30.08766,24.331932,31.269363,29.843353
41700.0,19.06531,25.319763,28.31391,30.099512,24.326729,31.274172,29.853142
41800.0,19.05537,25.327059,28.330925,30.111284,24.321526,31.278992,29.862892
41900.0,19.04542,25.334269,28.34786,30.122978,24.316313,31.283821,29.87259
42000.0,19.035494,25.3414,28.364723,30.134598,24.311089,31.288645,29.882238
42100.0,19.025583,25.348444,28.381523,30.146158,24.305847,31.293478,29.891846
42200.0,19.015686,25.355408,28.398237,30.157663,24.300604,31.298315,29.901419
42300.0,19.0058,25.36228,28.414879,30.169088,24.295336,31.303152,29.910944
42400.0,18.995928,25.36907,28.431448,30.18044,24.290064,31.307983,29.920425
42500.0,18.986078,25.37577,28.44796,30.191727,24.284765,31.312834,29.929857
42600.0,18.976221,25.3824,28.464437,30.202932,24.279455,31.31768,29.939249
42700.0,18.966398,25.388956,28.480858,30.214075,24.274126,31.322525,29.9486
42800.0,18.956575,25.395422,28.497221,30.225159,24.268791,31.327377,29.95791
42900.0,18.946777,25.401815,28.51354,30.236153,24.263443,31.33224,29.967165
43000.0,18.936987,25.408148,28.529793,30.247091,24.258087,31.33709,29.976387
43100.0,18.927202,25.414385,28.545975,30.25797,24.252718,31.341959,29.98557
43200.0,18.917446,25.42055,28.562096,30.268776,24.247335,31.346825,29.99471
43300.0,18.907698,25.426638,28.578148,30.279526,24.241936,31.3517,30.003824
43400.0,18.897951,25.432625,28.594126,30.290243,24.236532,31.356565,30.012896
43500.0,18.888235,25.438543,28.610037,30.300909,24.23111,31.361427,30.021929
43600.0,18.878529,25.44438,28.625875,30.311518,24.225676,31.36631,30.030928
43700.0,18.868841,25.450132,28.641647,30.322062,24.22023,31.371185,30.039886
43800.0,18.859152,25.455801,28.657347,30.332535,24.214766,31.376062,30.048813
43900.0,18.849474,25.461393,28.672981,30.342957,24.209284,31.380949,30.057709
44000.0,18.83982,25.466898,28.688545,30.353327,24.203794,31.385824,30.066559
44100.0,18.830181,25.472343,28.704062,30.363632,24.198282,31.390715,30.07537
44200.0,18.820555,25.47774,28.71956,30.37387,24.192766,31.395592,30.084131
44300.0,18.810938,25.48307,28.735006,30.384048,24.187239,31.400475,30.09286
44400.0,18.801336,25.488325,28.750418,30.39415,24.181707,31.40536,30.101534
44500.0,18.791752,25.49351,28.76576,30.404184,24.176168,31.41025,30.110163
44600.0,18.782166,25.49862,28.781042,30.414162,24.170603,31.415138,30.118752
44700.0,18.772604,25.503641,28.796244,30.42409,24.16503,31.420034,30.127304
44800.0,18.763052,25.508596,28.811396,30.43396,24.159445,31.424927,30.13582
44900.0,18.753504,25.513468,28.826477,30.443766,24.153845,31.429823,30.144304
45000.0,18.743986,25.518286,28.841494,30.4535,24.14823,31.43471,30.152735
45100.0,18.734472,25.523026,28.856445,30.463179,24.142601,31.439604,30.161133
45200.0,18.724974,25.527702,28.871336,30.472792,24.136963,31.44449,30.169481
45300.0,18.71547,25.532297,28.886164,30.482353,24.13131,31.449389,30.177797
45400.0,18.706009,25.536821,28.900932,30.491846,24.12564,31.454277,30.186079
45500.0,18.696547,25.541267,28.915644,30.501295,24.11997,31.459177,30.19432
45600.0,18.687098,25.545652,28.930285,30.51069,24.114283,31.464064,30.202532
45700.0,18.67766,25.549957,28.944878,30.520052,24.108582,31.468948,30.210718
45800.0,18.668222,25.554201,28.95945,30.529348,24.10286,31.473839,30.218866
45900.0,18.658798,25.558403,28.973986,30.538599,24.09712,31.47873,30.226976
46000.0,18.649391,25.562555,28.988503,30.5478,24.09137,31.48362,30.235048
46100.0,18.639986,25.566643,29.002966,30.55696,24.085615,31.48851,30.243101
46200.0,18.630598,25.570663,29.01737,30.566084,24.07985,31.493406,30.251112
46300.0,18.621216,25.574606,29.031713,30.575163,24.07406,31.498299,30.2591
46400.0,18.611834,25.578476,29.045996,30.584188,24.06826,31.503197,30.267044
46500.0,18.602472,25.582277,29.060213,30.593155,24.062445,31.50808,30.27497
46600.0,18.593119,25.585999,29.07438,30.602049,24.05661,31.512978,30.282854
46700.0,18.583775,25.589651,29.088484,30.610895,24.050758,31.517862,30.290703
46800.0,18.574438,25.593246,29.102533,30.61969,24.044897,31.52275,30.298515
46900.0,18.565123,25.596807,29.116562,30.628424,24.039022,31.527634,30.306295
47000.0,18.555817,25.600294,29.130526,30.637125,24.033144,31.532522,30.314032
47100.0,18.546513,25.60372,29.14444,30.645761,24.027252,31.537424,30.321737
47200.0,18.537222,25.607077,29.158293,30.65435,24.021345,31.54231,30.3294
47300.0,18.527943,25.610369,29.172104,30.662867,24.015432,31.547195,30.337019
47400.0,18.51867,25.613602,29.185862,30.67135,24.009497,31.552086,30.344614
47500.0,18.50942,25.61677,29.199575,30.67977,24.003557,31.556963,30.352152
47600.0,18.50017,25.619871,29.213234,30.688133,23.997606,31.56185,30.359665